{
   "dashboards": [{
      "autoswitchEnabled": false,
      "columnCount": 1,
      "columnProportion": "1-1",
      "creationTime": 1629808419517,
      "dashboardNavigations": {},
      "description": "",
      "disabled": false,
      "gridsterMaxColumns": 12,
      "hidden": false,
      "homeTab": false,
      "id": "4e12fb4b-0679-4127-b042-f65ee2a5b122",
      "importAttempts": 0,
      "importComplete": true,
      "lastUpdateTime": 1629811868395,
      "lastUpdateUserId": "287ed085-c6ca-4255-b69c-956f1665ed51",
      "locked": false,
      "name": "VM Details",
      "rank": 0,
      "shared": false,
      "states": [{
         "key": "permDashboardTime_dashboard_4e12fb4b-0679-4127-b042-f65ee2a5b122",
         "value": "o%3AdateRange%3Ds%253Alast7Days%5EdateRangeText%3Ds%253A7D"
      }],
      "temporary": false,
      "userId": "287ed085-c6ca-4255-b69c-956f1665ed51",
      "widgetInteractions": [
         {
            "type": "resourceId",
            "widgetIdProvider": "3f92138e-558c-4149-88d2-7d1e90841006",
            "widgetIdReceiver": "f2bdd863-31fa-475b-acc4-d0b505488c20"
         },
         {
            "type": "resourceId",
            "widgetIdProvider": "bd163fb3-080e-4dfe-ab2f-fd5be3499753",
            "widgetIdReceiver": "f2bdd863-31fa-475b-acc4-d0b505488c20"
         },
         {
            "type": "resourceId",
            "widgetIdProvider": "f2bdd863-31fa-475b-acc4-d0b505488c20",
            "widgetIdReceiver": "f98db992-4746-4d3d-bc82-fd24bc9cc928"
         },
         {
            "type": "resourceId",
            "widgetIdProvider": "f2bdd863-31fa-475b-acc4-d0b505488c20",
            "widgetIdReceiver": "8f1b2e2c-4ccf-40d4-ac04-e3be3ed9b357"
         },
         {
            "type": "resourceId",
            "widgetIdProvider": "f2bdd863-31fa-475b-acc4-d0b505488c20",
            "widgetIdReceiver": "9efba61d-8936-4115-bce9-1a97b3724471"
         }
      ],
      "widgets": [
         {
            "collapsed": false,
            "config": {
               "chartViewItems": [
                  "legend",
                  "labels",
                  "title"
               ],
               "isUpdatedView": true,
               "refreshContent": {"refreshContent": true},
               "refreshInterval": 300,
               "resource": {
                  "id": "Ext.vcops.chrome.model.Resource-5",
                  "resourceId": "resource:id:0_::_",
                  "resourceKindId": "002006VMWAREvSphere World",
                  "resourceName": "vSphere World",
                  "traversalSpecId": ""
               },
               "selectFirstRow": {"selectFirstRow": false},
               "selfProvider": {"selfProvider": true},
               "title": "VM Hardware Versions",
               "traversalSpecId": null,
               "viewDefinitionId": "7bb1bf81-8895-4008-b770-5c7fc106c22a"
            },
            "gridsterCoords": {
               "h": 10,
               "w": 4,
               "x": 5,
               "y": 1
            },
            "height": 552,
            "id": "bd163fb3-080e-4dfe-ab2f-fd5be3499753",
            "title": "VM Hardware Versions",
            "type": "View"
         },
         {
            "collapsed": false,
            "config": {
               "chartViewItems": [
                  "legend",
                  "labels",
                  "title"
               ],
               "isUpdatedView": true,
               "refreshContent": {"refreshContent": true},
               "refreshInterval": 300,
               "resource": {
                  "id": "Ext.vcops.chrome.model.Resource-7",
                  "resourceId": "resource:id:0_::_",
                  "resourceKindId": "002006VMWAREvSphere World",
                  "resourceName": "vSphere World",
                  "traversalSpecId": ""
               },
               "selectFirstRow": {"selectFirstRow": false},
               "selfProvider": {"selfProvider": true},
               "title": "VMware Tools Versions",
               "traversalSpecId": null,
               "viewDefinitionId": "f1474ada-0abe-4e6b-937a-ec4e7d82e420"
            },
            "gridsterCoords": {
               "h": 10,
               "w": 4,
               "x": 9,
               "y": 1
            },
            "height": 552,
            "id": "2333872a-0de8-452d-abb2-62144642a6ad",
            "title": "VMware Tools Versions",
            "type": "View"
         },
         {
            "collapsed": false,
            "config": {
               "chartViewItems": [
                  "labels",
                  "legend",
                  "title"
               ],
               "isUpdatedView": true,
               "refreshContent": {"refreshContent": true},
               "refreshInterval": 300,
               "resource": {
                  "id": "Ext.vcops.chrome.model.Resource-4",
                  "resourceId": "resource:id:0_::_",
                  "resourceKindId": "002006VMWAREvSphere World",
                  "resourceName": "vSphere World",
                  "traversalSpecId": ""
               },
               "selectFirstRow": {"selectFirstRow": false},
               "selfProvider": {"selfProvider": true},
               "title": "VM Operating Systems",
               "traversalSpecId": null,
               "viewDefinitionId": "19729c38-20e3-4fea-bb9f-0576126c25ec"
            },
            "gridsterCoords": {
               "h": 10,
               "w": 4,
               "x": 1,
               "y": 1
            },
            "height": 552,
            "id": "3f92138e-558c-4149-88d2-7d1e90841006",
            "title": "VM Operating Systems",
            "type": "View"
         },
         {
            "collapsed": false,
            "config": {
               "chartViewItems": [],
               "isUpdatedView": true,
               "refreshContent": {"refreshContent": true},
               "refreshInterval": 300,
               "resource": {
                  "id": "Ext.vcops.chrome.model.Resource-8",
                  "resourceId": "resource:id:0_::_",
                  "resourceKindId": "002006VMWAREvSphere World",
                  "resourceName": "vSphere World",
                  "traversalSpecId": ""
               },
               "selectFirstRow": {"selectFirstRow": false},
               "selfProvider": {"selfProvider": true},
               "title": "VM Details",
               "traversalSpecId": null,
               "viewDefinitionId": "812db199-f611-4833-828c-c7701bbc82c3"
            },
            "gridsterCoords": {
               "h": 8,
               "w": 12,
               "x": 1,
               "y": 11
            },
            "height": 437,
            "id": "f2bdd863-31fa-475b-acc4-d0b505488c20",
            "states": [
               {
                  "key": "permPageSize_widget_4e12fb4b-0679-4127-b042-f65ee2a5b122_f2bdd863-31fa-475b-acc4-d0b505488c20",
                  "value": "n%3A100"
               },
               {
                  "key": "permSelectedDate_widget_4e12fb4b-0679-4127-b042-f65ee2a5b122_f2bdd863-31fa-475b-acc4-d0b505488c20",
                  "value": "s%3A%7B%22minType%22%3A%22.TimeIntervalControl%22%2C%22advancedTimeMode%22%3Afalse%2C%22fromTime%22%3Anull%2C%22unit%22%3A%22DAYS%22%2C%22count%22%3A7%2C%22priorUnit%22%3Anull%2C%22priorCount%22%3Anull%2C%22startSubUnit%22%3Anull%2C%22startPeriod%22%3Anull%2C%22toTime%22%3Anull%2C%22endUnit%22%3Anull%2C%22endCount%22%3Anull%2C%22endSubUnit%22%3Anull%2C%22endPeriod%22%3Anull%2C%22isRealTimeData%22%3Anull%2C%22mondayHours%22%3A%5B%5D%2C%22tuesdayHours%22%3A%5B%5D%2C%22wednesdayHours%22%3A%5B%5D%2C%22thursdayHours%22%3A%5B%5D%2C%22fridayHours%22%3A%5B%5D%2C%22saturdayHours%22%3A%5B%5D%2C%22sundayHours%22%3A%5B%5D%7D"
               },
               {
                  "key": "perm_toolbarVisible_widget_4e12fb4b-0679-4127-b042-f65ee2a5b122_f2bdd863-31fa-475b-acc4-d0b505488c20",
                  "value": "b%3A1"
               }
            ],
            "title": "VM Details",
            "type": "View"
         },
         {
            "collapsed": false,
            "config": {
               "chartViewItems": [],
               "isUpdatedView": true,
               "refreshContent": {"refreshContent": true},
               "refreshInterval": 300,
               "resource": null,
               "selectFirstRow": {"selectFirstRow": false},
               "selfProvider": {"selfProvider": false},
               "title": "Disk Details (for selected VM)",
               "traversalSpecId": "",
               "viewDefinitionId": "bf6f779d-b37d-408e-a0c9-3e0cf25aa2f5"
            },
            "gridsterCoords": {
               "h": 5,
               "w": 4,
               "x": 9,
               "y": 19
            },
            "height": 266,
            "id": "f98db992-4746-4d3d-bc82-fd24bc9cc928",
            "title": "Disk Details (for selected VM)",
            "type": "View"
         },
         {
            "collapsed": false,
            "config": {
               "customFilter": {
                  "excludedResources": null,
                  "filter": [],
                  "includedResources": null
               },
               "depth": 1,
               "metric": {
                  "mode": "resourceKind",
                  "resourceKindMetrics": [{
                     "colorMethod": 2,
                     "handleOldColoring": false,
                     "id": "extModel12593-1",
                     "isStringMetric": false,
                     "metricKey": "mem|usage_average",
                     "metricName": "Memory|Usage",
                     "metricUnitId": "percent",
                     "orangeBound": null,
                     "redBound": null,
                     "resourceKindId": "resourceKind:id:0_::_",
                     "resourceKindName": "Virtual Machine",
                     "unit": "%",
                     "yellowBound": null
                  }],
                  "resourceMetrics": [],
                  "subMode": "resourceKindAll"
               },
               "refreshContent": {"refreshContent": true},
               "refreshInterval": 300,
               "relationshipMode": {"relationshipMode": 0},
               "resInteractionMode": null,
               "resource": [],
               "selfProvider": {"selfProvider": false},
               "title": "Memory Usage (for selected VM)"
            },
            "gridsterCoords": {
               "h": 5,
               "w": 4,
               "x": 5,
               "y": 19
            },
            "height": 267,
            "id": "8f1b2e2c-4ccf-40d4-ac04-e3be3ed9b357",
            "states": [
               {
                  "key": "permBtn_zoomAllGraphs_permMetricChart_widget_4e12fb4b-0679-4127-b042-f65ee2a5b122_8f1b2e2c-4ccf-40d4-ac04-e3be3ed9b357",
                  "value": "b%3A0"
               },
               {
                  "key": "permBtn_pan_permMetricChart_widget_4e12fb4b-0679-4127-b042-f65ee2a5b122_8f1b2e2c-4ccf-40d4-ac04-e3be3ed9b357",
                  "value": "b%3A0"
               },
               {
                  "key": "permMetricChart_widget_4e12fb4b-0679-4127-b042-f65ee2a5b122_8f1b2e2c-4ccf-40d4-ac04-e3be3ed9b357",
                  "value": "o%3A"
               },
               {
                  "key": "permDateRange1_permMetricChart_widget_4e12fb4b-0679-4127-b042-f65ee2a5b122_8f1b2e2c-4ccf-40d4-ac04-e3be3ed9b357",
                  "value": "s%3A%7B%22dateRange%22%3A%22dashboardTime%22%2C%22dateFrom%22%3Anull%2C%22dateTo%22%3Anull%2C%22timeFrom%22%3Anull%2C%22timeTo%22%3Anull%7D"
               }
            ],
            "title": "Memory Usage (for selected VM)",
            "type": "MetricChart"
         },
         {
            "collapsed": false,
            "config": {
               "customFilter": {
                  "excludedResources": null,
                  "filter": [],
                  "includedResources": null
               },
               "depth": 1,
               "metric": {
                  "mode": "resourceKind",
                  "resourceKindMetrics": [{
                     "colorMethod": 2,
                     "handleOldColoring": false,
                     "id": "extModel15313-1",
                     "isStringMetric": false,
                     "metricKey": "cpu|usage_average",
                     "metricName": "CPU|Usage",
                     "metricUnitId": "percent",
                     "orangeBound": null,
                     "redBound": null,
                     "resourceKindId": "resourceKind:id:0_::_",
                     "resourceKindName": "Virtual Machine",
                     "unit": "%",
                     "yellowBound": null
                  }],
                  "resourceMetrics": [],
                  "subMode": "resourceKindAll"
               },
               "refreshContent": {"refreshContent": true},
               "refreshInterval": 300,
               "relationshipMode": {"relationshipMode": 0},
               "resInteractionMode": null,
               "resource": [],
               "selfProvider": {"selfProvider": false},
               "title": "CPU Usage (for selected VM)"
            },
            "gridsterCoords": {
               "h": 5,
               "w": 4,
               "x": 1,
               "y": 19
            },
            "height": 267,
            "id": "9efba61d-8936-4115-bce9-1a97b3724471",
            "states": [
               {
                  "key": "permBtn_pan_permMetricChart_widget_4e12fb4b-0679-4127-b042-f65ee2a5b122_9efba61d-8936-4115-bce9-1a97b3724471",
                  "value": "b%3A0"
               },
               {
                  "key": "permBtn_zoomAllGraphs_permMetricChart_widget_4e12fb4b-0679-4127-b042-f65ee2a5b122_9efba61d-8936-4115-bce9-1a97b3724471",
                  "value": "b%3A0"
               },
               {
                  "key": "permDateRange1_permMetricChart_widget_4e12fb4b-0679-4127-b042-f65ee2a5b122_9efba61d-8936-4115-bce9-1a97b3724471",
                  "value": "s%3A%7B%22dateRange%22%3A%22dashboardTime%22%2C%22dateFrom%22%3Anull%2C%22dateTo%22%3Anull%2C%22timeFrom%22%3Anull%2C%22timeTo%22%3Anull%7D"
               },
               {
                  "key": "permMetricChart_widget_4e12fb4b-0679-4127-b042-f65ee2a5b122_9efba61d-8936-4115-bce9-1a97b3724471",
                  "value": "o%3A"
               }
            ],
            "title": "CPU Usage (for selected VM)",
            "type": "MetricChart"
         }
      ]
   }],
   "entries": {
      "resource": [{
         "adapterKindKey": "VMWARE",
         "identifiers": [],
         "internalId": "resource:id:0_::_",
         "name": "vSphere World",
         "resourceKindKey": "vSphere World"
      }],
      "resourceKind": [{
         "adapterKindKey": "VMWARE",
         "internalId": "resourceKind:id:0_::_",
         "resourceKindKey": "VirtualMachine"
      }]
   },
   "uuid": "5833668d-4eab-41f1-ba08-03c4b49d1b70"
}